{
  "StopAfter1Game": false,
  "StopAfter100Gold": false,
  "AndCloseHS": false,
  "ArenaDontOpenRewards": false,
  "ArenaDontDraft": false,
  "AutoConcedeLag": false,
  "DontCachAndQuestDeck": false,
  "AutoConcedeMinDelayMs": 15000,
  "AutoConcedeMaxDelayMs": 30000,
  "SpectateRandomFriend": true,
  "SpectateAllowedName": "",
  "HideInactiveGameMode": true,
  "AutoConcedeAfterConstructedWin": false,
  "AutoConcedeNextConstructedGame": false,
  "RoutineMustDraftArena": true,
  "ConstructedMode": 1,
  "ConstructedCustomDeck": "云骋游戏工作室",
  "AutoGreet": false,
  "GameMode": 2,
  "ConstructedGameRule": 1,
  "PracticeDifficulty": 0,
  "PracticeOpponentClass": 3,
  "PracticeCustomDeck": "",
  "FriendlyCustomDeck": "",
  "FriendlyAllowedName": ""
}