{
  "LastDeckCachePid": 13748,
  "AllowExternalAccess": false,
  "ShowGlobalTab": false,
  "ShowConfigurationTab": false,
  "ShowDevTab": false,
  "ShowToolsTab": false,
  "TopRowDefinitionHeight": "*",
  "BottomRowDefinitionHeight": "*",
  "SplitterRowDefinitionHeight": "Auto",
  "MsBetweenTicks": 15,
  "InputEventMsDelay": 50,
  "MsBetweenGuiTicks": 1000,
  "WindowX": 61,
  "WindowY": 25,
  "WindowWidth": 523,
  "WindowHeight": 600,
  "LastBot": "云骋BOT",
  "LastRoutine": "云骋程序",
  "EnabledPlugins": [
    "胜败统计",
    "投降插件"
  ]
}